<?xml version="1.0" encoding="UTF-8"?>

<!DOCTYPE glassfish-ejb-jar PUBLIC "-//GlassFish.org//DTD GlassFish Application Server 3.1 EJB 3.1//EN" "http://glassfish.org/dtds/glassfish-ejb-jar_3_1-1.dtd">
<glassfish-ejb-jar>
    <security-role-mapping>
      <role-name>PROFESOR</role-name>
      <principal-name>Patri</principal-name>
   </security-role-mapping>

   <security-role-mapping>
      <role-name>ALUMNOS</role-name>
      <group-name>PS1617</group-name>
   </security-role-mapping>
    <enterprise-beans/>
</glassfish-ejb-jar>