<?xml version="1.0" encoding="UTF-8"?>

<!DOCTYPE glassfish-web-app PUBLIC "-//GlassFish.org//DTD GlassFish Application Server 3.1 Servlet 3.0//EN" "http://glassfish.org/dtds/glassfish-web-app_3_0-1.dtd">
<glassfish-web-app>
	<security-role-mapping>
		<role-name>USUARIOREGISTRADO</role-name>
		<group-name>USUARIOREGISTRADO</group-name>
	</security-role-mapping>
	<security-role-mapping>
		<role-name>GERENTE</role-name>
		<group-name>GERENTE</group-name>
	</security-role-mapping>
	<security-role-mapping>
		<role-name>DEPENDIENTE</role-name>
		<group-name>DEPENDIENTE</group-name>
	</security-role-mapping>
	<security-role-mapping>
		<role-name>USUARIO</role-name>
		<group-name>USUARIO</group-name>
	</security-role-mapping>
</glassfish-web-app>