<?xml version="1.0" encoding="UTF-8"?>

<!DOCTYPE glassfish-web-app PUBLIC "-//GlassFish.org//DTD GlassFish Application Server 3.1 Servlet 3.0//EN" "http://glassfish.org/dtds/glassfish-web-app_3_0-1.dtd">
<glassfish-web-app>
    <context-root>/Calculadora</context-root>
    
   <security-role-mapping>
      <role-name>PROFESOR</role-name>
      <principal-name>Patri</principal-name>
   </security-role-mapping>

   <security-role-mapping>
      <role-name>ALUMNOS</role-name>
      <group-name>PS1617</group-name>
   </security-role-mapping>
</glassfish-web-app>